{"cameraMode":{"drawMode":0,"name":"Shaded","section":"Shading Mode"},"sceneLighting":false,"audioPlay":false,"sceneViewState":{"showFog":true,"showMaterialUpdate":false,"showSkybox":true,"showFlares":true,"showImageEffects":true,"showParticleSystems":true},"in2DMode":false,"pivot":{"x":5.125244140625,"y":-4.498483657836914,"z":-4.113481521606445},"rotation":{"x":-0.07141665369272232,"y":0.9241518378257752,"z":-0.3082021474838257,"w":-0.21414664387702943},"size":23.08374786376953,"orthographic":false}